index,schoolName,stateAbb,locale,totalStudents
0,HICKSVILLE HIGH SCHOOL,NY ,21-Suburb: Large,1754
1,RUSK H S,TX ,41-Rural: Fringe,597
2,MAY-PORT CG HIGH SCHOOL,ND ,43-Rural: Remote,142
3,EAST HIGH,UT ,12-City: Mid-size,1923
4,NORTH FORT MYERS HIGH SCHOOL,FL ,21-Suburb: Large,1673
5,TOMAHAWK HIGH,WI ,32-Town: Distant,418
6,PRIOR LAKE HIGH SCHOOL,MN ,21-Suburb: Large,2562
7,OOLOGAH-TALALA HS,OK ,42-Rural: Distant,563
8,JUDITH GAP HIGH SCHOOL,MT ,43-Rural: Remote,6
9,LA FERIA H S,TX ,22-Suburb: Mid-size,953
10,GLASGOW HIGH SCHOOL,MT ,41-Rural: Fringe,246
11,OAKDALE HIGH,MD ,22-Suburb: Mid-size,1229
12,BARNES COUNTY NORTH HIGH SCHOOL,ND ,43-Rural: Remote,85
13,FONDA-FULTONVILLE SENIOR HIGH SCHOOL,NY ,41-Rural: Fringe,404
14,MOHONASEN SENIOR HIGH SCHOOL,NY ,21-Suburb: Large,946
15,DODGEVILLE HIGH,WI ,32-Town: Distant,412
16,TEAGUE H S,TX ,33-Town: Remote,415
17,ARCADIA HIGH SCHOOL,NY ,21-Suburb: Large,1144
18,RAVENA-COEYMANS-SELKIRK SENIOR HIGH SCHOOL,NY ,31-Town: Fringe,582
19,NORTHGLENN HIGH SCHOOL,CO ,21-Suburb: Large,1923
20,PARK VISTA COMMUNITY HIGH SCHOOL,FL ,21-Suburb: Large,3035
21,LATHROP HIGH,CA ,41-Rural: Fringe,1261
22,DEL MAR HIGH,CA ,11-City: Large,1167
23,ANAMOSA HIGH SCHOOL,IA ,32-Town: Distant,384
24,RIO RANCHO HIGH,NM ,21-Suburb: Large,2387
25,TACONIC HIGH,MA ,13-City: Small,731
26,LATTA HS,OK ,41-Rural: Fringe,213
27,BROOKFIELD HIGH,MO ,41-Rural: Fringe,298
28,CARMEL HIGH SCHOOL,NY ,21-Suburb: Large,1434
29,BREMOND H S,TX ,43-Rural: Remote,151
30,JULIAN HIGH,CA ,42-Rural: Distant,157
31,RED RIVER HIGH SCHOOL,ND ,13-City: Small,1141
32,ROBERTSDALE HIGH SCH,AL ,31-Town: Fringe,1369
33,LATHROP HIGH SCHOOL,AK ,13-City: Small,1040
34,ATHOL HIGH,MA ,31-Town: Fringe,358
35,SAVAGE HIGH SCHOOL,MT ,43-Rural: Remote,36
36,BEGGS HS,OK ,42-Rural: Distant,351
37,BELTON H S,TX ,23-Suburb: Small,2711
38,MILTON HIGH,WI ,23-Suburb: Small,1075
39,SOUTHERN COLUMBIA HS,PA ,41-Rural: Fringe,409
40,COMO PARK SENIOR HIGH,MN ,11-City: Large,1307
41,ELSBERRY HIGH,MO ,42-Rural: Distant,232
42,PORT JERVIS SENIOR HIGH SCHOOL,NY ,41-Rural: Fringe,827
43,LONGMONT HIGH SCHOOL,CO ,23-Suburb: Small,1188
44,ELKO HIGH SCHOOL,NV ,33-Town: Remote,1295
45,IRONTON HIGH SCHOOL,OH ,22-Suburb: Mid-size,396
46,SOUTH JEFFERSON HIGH SCHOOL,NY ,41-Rural: Fringe,611
47,SIMSBURY HIGH SCHOOL,CT ,21-Suburb: Large,1423
48,WINDTHORST H S,TX ,42-Rural: Distant,168
49,NORTHBRIDGE HIGH,MA ,21-Suburb: Large,605
50,DEPEW HIGH SCHOOL,NY ,21-Suburb: Large,594
51,AMSTERDAM HIGH SCHOOL,NY ,41-Rural: Fringe,1125
52,BARBERS HILL H S,TX ,41-Rural: Fringe,1501
53,LOUISIANA HIGH,MO ,33-Town: Remote,204
54,BUTLER HIGH SCHOOL,OH ,21-Suburb: Large,971
55,GATEWAY HIGH SCHOOL,CO ,11-City: Large,1803
56,PINE BUSH SENIOR HIGH SCHOOL,NY ,41-Rural: Fringe,1754
57,COE-BROWN NORTHWOOD ACADEMY,NH ,42-Rural: Distant,701
58,DAWSON HIGH SCHOOL,MT ,33-Town: Remote,389
59,ELEANOR ROOSEVELT HIGH SCHOOL,NY ,11-City: Large,555
60,HINTON HS,OK ,43-Rural: Remote,162
61,GIRARD HS,PA ,22-Suburb: Mid-size,564
62,HUNTLEY PROJECT HIGH SCHL,MT ,42-Rural: Distant,262
63,FRUITVALE H S,TX ,42-Rural: Distant,127
64,DARLINGTON HIGH,WI ,43-Rural: Remote,217
65,MOUNDS HS,OK ,41-Rural: Fringe,180
66,HOWE HS,OK ,32-Town: Distant,194
67,OAK GROVE HIGH,MO ,21-Suburb: Large,649
68,MCLOUTH HIGH,KS ,42-Rural: Distant,141
69,TATUM H S,TX ,42-Rural: Distant,525
70,CEDAR CITY HIGH,UT ,33-Town: Remote,1182
71,HANOVER HIGH,KS ,43-Rural: Remote,76
72,RICE LAKE HIGH,WI ,33-Town: Remote,687
73,DAPHNE HIGH SCH,AL ,13-City: Small,1259
74,NEW LONDON HIGH,WI ,41-Rural: Fringe,640
75,LAWSON HIGH,MO ,42-Rural: Distant,381
76,ELGIN HS,OK ,42-Rural: Distant,673
77,AKRON WESTFIELD SENIOR HIGH SCHOOL,IA ,42-Rural: Distant,160
78,MARTINSVILLE HIGH,VA ,32-Town: Distant,625
79,CHILLICOTHE HIGH,MO ,33-Town: Remote,571
80,FLOYD HIGH,NM ,43-Rural: Remote,67
81,BERRYVILLE HIGH SCHOOL,AR ,32-Town: Distant,612
82,EAST LAURENS HIGH SCHOOL,GA ,41-Rural: Fringe,592
83,TURNERS FALL HIGH,MA ,32-Town: Distant,239
84,HENRIETTA H S,TX ,41-Rural: Fringe,276
85,GRANBURY H S,TX ,32-Town: Distant,1414
86,RAINIER SENIOR HIGH SCHOOL,WA ,42-Rural: Distant,286
87,NORTH ANDREW HIGH,MO ,42-Rural: Distant,117
88,CARROLLTON HIGH SCHOOL,GA ,31-Town: Fringe,1481
89,HORN H S,TX ,41-Rural: Fringe,2320
90,BANKS COUNTY HIGH SCHOOL,GA ,41-Rural: Fringe,908
91,WEATHERFORD H S,TX ,41-Rural: Fringe,2326
92,AMITY REGIONAL HIGH SCHOOL,CT ,21-Suburb: Large,1486
93,CORNWALL CENTRAL HIGH SCHOOL,NY ,41-Rural: Fringe,1082
94,CENTRAL HIGH SCHOOL,IA ,41-Rural: Fringe,516
95,WASHINGTON HIGH,MO ,32-Town: Distant,1343
96,RANCHO BUENA VISTA HIGH,CA ,21-Suburb: Large,2417
97,FREEPORT AREA SHS,PA ,41-Rural: Fringe,599
98,LEVERETTS CHAPEL H S,TX ,42-Rural: Distant,61
99,WEST STOKES HIGH,NC ,41-Rural: Fringe,932
100,NANTUCKET HIGH,MA ,32-Town: Distant,513
101,NORTH CARROLL HIGH,MD ,21-Suburb: Large,700
102,MIDLAND H S,TX ,12-City: Mid-size,2149
103,SPENCER HIGH SCHOOL,IA ,33-Town: Remote,605
104,PELLA HIGH SCHOOL,IA ,32-Town: Distant,677
105,MCGREGOR H S,TX ,31-Town: Fringe,414
106,WESTHILL HIGH SCHOOL,CT ,12-City: Mid-size,2096
107,QUINCY HIGH,MA ,21-Suburb: Large,1465
108,CURRITUCK COUNTY HIGH,NC ,42-Rural: Distant,1030
109,NEVADA HIGH SCHOOL,IA ,31-Town: Fringe,462
110,ADM SENIOR HIGH SCHOOL,IA ,31-Town: Fringe,479
111,WAUSAUKEE HIGH,WI ,43-Rural: Remote,163
112,PLEASANT GROVE H S,TX ,13-City: Small,658
113,BASTROP H S,TX ,32-Town: Distant,1348
114,TGU-GRANVILLE HIGH SCHOOL,ND ,43-Rural: Remote,35
115,MARINETTE HIGH,WI ,32-Town: Distant,644
116,PORTSMOUTH HIGH SCHOOL,NH ,23-Suburb: Small,1108
117,BORGER H S,TX ,32-Town: Distant,777
118,CABOOL HIGH,MO ,42-Rural: Distant,236
119,SYMMES VALLEY HIGH SCHOOL,OH ,42-Rural: Distant,202
120,WELDON VALLEY HIGH SCHOOL,CO ,42-Rural: Distant,70
121,SHADOW HILLS HIGH,CA ,41-Rural: Fringe,2006
122,LAINGSBURG HIGH SCHOOL,MI ,42-Rural: Distant,377
123,COLUMBIA HIGH SCHOOL,NY ,41-Rural: Fringe,1239
124,TWIN VALLEY HIGH SCHOOL,VT ,42-Rural: Distant,139
125,SHAWANO HIGH,WI ,32-Town: Distant,804
126,HALLSVILLE H S,TX ,41-Rural: Fringe,1434
127,LAUREL HIGH SCHOOL,MT ,31-Town: Fringe,661
128,G.F.W. HIGH SCHOOL,MN ,43-Rural: Remote,251
129,WAYZATA HIGH,MN ,13-City: Small,3237
130,HART HIGH SCHOOL,MI ,32-Town: Distant,387
131,DOVER HS,OK ,42-Rural: Distant,51
132,SCOTIA-GLENVILLE SENIOR HIGH SCHOOL,NY ,21-Suburb: Large,792
133,POWDER RIVER CO DIST HIGH,MT ,43-Rural: Remote,98
134,PLYMOUTH-WHITEMARSH SHS,PA ,21-Suburb: Large,1465
135,CENTRAL HIGH SCHOOL,GA ,31-Town: Fringe,1162
136,JERICHO SENIOR HIGH SCHOOL,NY ,21-Suburb: Large,1110
137,SALIDA HIGH SCHOOL,CO ,33-Town: Remote,325
138,THOMAS JEFFERSON HIGH SCHOOL,CO ,11-City: Large,1069
139,SHERIDAN HIGH SCHOOL,WY ,33-Town: Remote,973
140,NELSON COUNTY HIGH,VA ,42-Rural: Distant,643
141,CREEKVIEW H S,TX ,21-Suburb: Large,1974
142,HUDSON HIGH,WI ,31-Town: Fringe,1793
143,MORENCI HIGH SCHOOL,AZ ,33-Town: Remote,397
144,WEST SENECA EAST SENIOR HIGH SCHOOL,NY ,21-Suburb: Large,955
145,WESTON RANCH HIGH,CA ,11-City: Large,1232
146,NEX GEN ACADEMY,NM ,11-City: Large,307
147,LANDER VALLEY HIGH SCHOOL,WY ,33-Town: Remote,439
148,SKIATOOK HS,OK ,31-Town: Fringe,750
149,HORLICK HIGH,WI ,13-City: Small,1848
150,WEST DELAWARE HIGH SCHOOL,IA ,32-Town: Distant,468
151,EAST COWETA HIGH SCHOOL,GA ,21-Suburb: Large,2882
152,NISKAYUNA HIGH SCHOOL,NY ,21-Suburb: Large,1392
153,EMPORIA HIGH,KS ,33-Town: Remote,1460
154,NEWPORT MIDDLE HIGH SCHOOL (HIGH),NH ,41-Rural: Fringe,338
155,SOUTH CENTRAL CALHOUN HIGH SCHOOL,IA ,43-Rural: Remote,305
156,JACKSON HOLE HIGH SCHOOL,WY ,41-Rural: Fringe,638
157,IRAAN H S,TX ,43-Rural: Remote,128
158,HORIZON HIGH SCHOOL,AZ ,11-City: Large,2242
159,LINCOLN SENIOR HIGH SCHOOL,MI ,41-Rural: Fringe,1157
160,TURPIN HS,OK ,43-Rural: Remote,123
161,BELLPORT SENIOR HIGH SCHOOL,NY ,21-Suburb: Large,1325
162,PLATTE CANYON HIGH SCHOOL,CO ,43-Rural: Remote,317
163,ROSEMONT HIGH,CA ,21-Suburb: Large,1355
164,BOWLEGS HS,OK ,42-Rural: Distant,81
165,SPENCERPORT HIGH SCHOOL,NY ,21-Suburb: Large,1209
166,PIEDMONT HS,OK ,41-Rural: Fringe,936
167,RIVERDALE HIGH SCHOOL,FL ,41-Rural: Fringe,2058
168,PITTSFIELD HIGH SCHOOL,NH ,42-Rural: Distant,158
169,WEST ISLIP SENIOR HIGH SCHOOL,NY ,21-Suburb: Large,1515
170,KENYON-WANAMINGO SENIOR HIGH,MN ,43-Rural: Remote,262
171,CRATER ACADEMY OF HEALTH AND PUBLIC SERVICES,OR ,22-Suburb: Mid-size,467
172,GRAND LEDGE HIGH SCHOOL,MI ,21-Suburb: Large,1710
173,DAVID PROUTY HIGH,MA ,21-Suburb: Large,396
174,TARKINGTON H S,TX ,42-Rural: Distant,526
175,SOUTH GLENS FALLS SENIOR HIGH SCHOOL,NY ,23-Suburb: Small,996
176,AFFTON HIGH,MO ,21-Suburb: Large,773
177,AZLE H S,TX ,21-Suburb: Large,1761
178,LURAY HIGH,VA ,32-Town: Distant,514
179,LEBANON SR. HIGH,MO ,33-Town: Remote,1463
180,HIGLEY HIGH SCHOOL,AZ ,21-Suburb: Large,1670
181,APPOQUINIMINK HIGH SCHOOL,DE ,41-Rural: Fringe,1589
182,QUANAH H S,TX ,43-Rural: Remote,151
183,RHAM HIGH SCHOOL,CT ,41-Rural: Fringe,1023
184,LYNNVILLE-SULLY HIGH SCHOOL,IA ,43-Rural: Remote,146
185,GRANDVIEW SR. HIGH,MO ,21-Suburb: Large,1230
186,FONTANA HIGH,CA ,21-Suburb: Large,2509
187,WHITMAN HANSON REGIONAL,MA ,21-Suburb: Large,1191
188,HARLOWTON HIGH SCHOOL,MT ,43-Rural: Remote,71
189,OAK CREEK HIGH,WI ,21-Suburb: Large,2088
190,MARATHON HIGH,WI ,41-Rural: Fringe,237
191,AKRON EARLY COLLEGE HIGH SCHOOL,OH ,12-City: Mid-size,343
192,BONNEY LAKE HIGH SCHOOL,WA ,21-Suburb: Large,1335
193,ROGERS H S,TX ,42-Rural: Distant,300
194,ATHENS HIGH,WI ,42-Rural: Distant,191
195,EXCELSIOR SPRINGS HIGH,MO ,31-Town: Fringe,791
196,BYRON NELSON H S,TX ,41-Rural: Fringe,2557
197,CELINA H S,TX ,41-Rural: Fringe,697
198,FRONTENAC SR. HIGH SCHOOL,KS ,32-Town: Distant,268
199,QUEEN CITY H S,TX ,32-Town: Distant,299
200,MACON SR. HIGH,MO ,33-Town: Remote,427
201,UNION HIGH SCHOOL,IA ,42-Rural: Distant,391
202,SEDRO WOOLLEY SENIOR HIGH SCHOOL,WA ,23-Suburb: Small,1207
203,ATASCADERO HIGH,CA ,23-Suburb: Small,1331
204,AGWSR HIGH SCHOOL,IA ,42-Rural: Distant,157
205,KEYSTONE HIGH SCHOOL,OH ,41-Rural: Fringe,468
206,CUBA HIGH,MO ,33-Town: Remote,417
207,ONTARIO HIGH SCHOOL,OR ,32-Town: Distant,693
208,GOSHEN CENTRAL HIGH SCHOOL,NY ,41-Rural: Fringe,966
209,BATESVILLE HIGH SCHOOL,AR ,41-Rural: Fringe,626
210,ALAMO HEIGHTS H S,TX ,21-Suburb: Large,1553
211,RANCHO VERDE HIGH,CA ,21-Suburb: Large,3303
212,SOUTH SENIOR HIGH,MN ,11-City: Large,1847
213,SINTON H S,TX ,32-Town: Distant,639
214,LOMPOC HIGH,CA ,23-Suburb: Small,1398
215,EASTERN HIGH SCHOOL,MI ,41-Rural: Fringe,809
216,SHELBY CO HIGH SCH,AL ,31-Town: Fringe,629
217,CALHOUN HIGH SCHOOL,GA ,32-Town: Distant,1084
218,ALONSO HIGH SCHOOL,FL ,21-Suburb: Large,2698
219,MIRA MESA HIGH,CA ,11-City: Large,2426
220,INDEPENDENCE HIGH SCHOOL,MS ,42-Rural: Distant,404
221,SOMERSET HIGH,WI ,31-Town: Fringe,488
222,BLUE RIDGE H S,TX ,42-Rural: Distant,195
223,KALKASKA HIGH SCHOOL,MI ,33-Town: Remote,473
224,LA JOLLA HIGH,CA ,11-City: Large,1581
225,WEST GRAND HIGH SCHOOL,CO ,43-Rural: Remote,132
226,PARK HILL HIGH,MO ,11-City: Large,1877
227,NORTH HS,OK ,21-Suburb: Large,2644
228,THUNDER RIDGE HIGH SCHOOL,KS ,43-Rural: Remote,69
229,CALERA HIGH SCH,AL ,41-Rural: Fringe,745
230,PEKIN COMMUNITY HIGH SCHOOL,IA ,43-Rural: Remote,205
231,BRINDLEE MT HIGH SCH,AL ,41-Rural: Fringe,358
232,WESTON HIGH,MA ,21-Suburb: Large,726
233,SOROCO HIGH SCHOOL,CO ,43-Rural: Remote,101
234,WACONIA SENIOR HIGH,MN ,31-Town: Fringe,1156
235,SAN JON HIGH,NM ,43-Rural: Remote,28
236,JOSEPH CASE HIGH,MA ,21-Suburb: Large,511
237,WHARTON H S,TX ,32-Town: Distant,587
238,LEAVENWORTH SR HIGH,KS ,31-Town: Fringe,1315
239,ILLINOIS VALLEY HIGH SCHOOL,OR ,42-Rural: Distant,356
240,GRIFFIN HIGH SCHOOL,GA ,21-Suburb: Large,1395
241,COLCHESTER HIGH SCHOOL,VT ,41-Rural: Fringe,731
242,WEST HEMPSTEAD HIGH SCHOOL,NY ,21-Suburb: Large,765
243,MONTE VISTA HIGH,CA ,21-Suburb: Large,2348
244,CENTURY HIGH,MD ,41-Rural: Fringe,1094
245,OLTON H S,TX ,43-Rural: Remote,173
246,LITTLE MIAMI HIGH SCHOOL,OH ,21-Suburb: Large,1112
247,JEFFERSON HIGH,WI ,32-Town: Distant,658
248,CEDAR GROVE-BELGIUM HIGH,WI ,42-Rural: Distant,355
249,HOMINY HS,OK ,32-Town: Distant,163
250,GLEN ROSE H S,TX ,42-Rural: Distant,508
251,MONROE-WOODBURY HIGH SCHOOL,NY ,21-Suburb: Large,2332
252,LOVELL HIGH SCHOOL,WY ,43-Rural: Remote,211
253,SAUK PRAIRIE HIGH,WI ,32-Town: Distant,822
254,BARABOO HIGH,WI ,32-Town: Distant,992
255,DEXTER HIGH,MO ,33-Town: Remote,633
256,PERRY CENTRAL HIGH SCHOOL,MS ,42-Rural: Distant,315
257,KETCHUM HS,OK ,43-Rural: Remote,202
258,LEOMINSTER HIGH SCHOOL,MA ,22-Suburb: Mid-size,1771
259,MADRAS HIGH SCHOOL,OR ,32-Town: Distant,821
260,CHRISTIANSBURG HIGH,VA ,13-City: Small,1082
261,LEBANON HIGH SCHOOL,OR ,31-Town: Fringe,1264
262,MILLER PLACE HIGH SCHOOL,NY ,21-Suburb: Large,900
263,LEHIGH SENIOR HIGH SCHOOL,FL ,21-Suburb: Large,1810
264,SUTTON HIGH SCHOOL,MA ,41-Rural: Fringe,440
265,SPAULDING UHSD #41,VT ,32-Town: Distant,661
266,TIPTON HIGH SCHOOL,IA ,32-Town: Distant,271
267,BIG PINEY HIGH SCHOOL,WY ,43-Rural: Remote,192
268,IRONDEQUOIT HIGH SCHOOL,NY ,21-Suburb: Large,1209
269,CLEARWATER HIGH,MO ,43-Rural: Remote,311
270,HILLDALE HS,OK ,32-Town: Distant,525
271,ALVARADO H S,TX ,31-Town: Fringe,1046
272,SAYRE HS,OK ,33-Town: Remote,197
273,CHASE HIGH,KS ,42-Rural: Distant,59
274,PLAINWELL HIGH SCHOOL,MI ,31-Town: Fringe,799
275,CIMARRON HS,OK ,42-Rural: Distant,71
276,CENTRALIA HIGH,MO ,32-Town: Distant,405
277,GUYMON HS,OK ,33-Town: Remote,848
278,HAMILTON HIGH SCHOOL,AZ ,21-Suburb: Large,3840
279,BATTLE CREEK-IDA GROVE SENIOR HIGH SCHOOL,IA ,43-Rural: Remote,238
280,PALACIOS H S,TX ,41-Rural: Fringe,439
281,LYONS SENIOR HIGH SCHOOL,NY ,32-Town: Distant,254
282,PENTUCKET REGIONAL SR HIGH,MA ,21-Suburb: Large,707
283,GRANTSBURG HIGH,WI ,43-Rural: Remote,258
284,UNIONVILLE-SEBEWAING HIGH SCHOOL,MI ,42-Rural: Distant,261
285,DANVERS HIGH,MA ,21-Suburb: Large,1020
286,IGNACIO HIGH SCHOOL,CO ,42-Rural: Distant,249
287,BINGHAMTON HIGH SCHOOL,NY ,13-City: Small,1649
288,GEORGE MASON HIGH,VA ,21-Suburb: Large,786
289,OMRO HIGH,WI ,41-Rural: Fringe,401
290,NASHOBA REGIONAL,MA ,41-Rural: Fringe,1065
291,PIERCE COUNTY HIGH SCHOOL,GA ,41-Rural: Fringe,1068
292,SOUTH ALBANY HIGH SCHOOL,OR ,13-City: Small,1352
293,CONNALLY HIGH SCHOOL,TX ,22-Suburb: Mid-size,661
294,MIDDLE CREEK HIGH,NC ,21-Suburb: Large,2283
295,MOUNTAIN VIEW HIGH SCHOOL,WY ,43-Rural: Remote,238
296,FONTANA A. B. MILLER HIGH,CA ,21-Suburb: Large,2355
297,TEXAS H S,TX ,13-City: Small,1824
298,MOORE HS,OK ,21-Suburb: Large,2463
299,CHANHASSEN HIGH SCHOOL,MN ,21-Suburb: Large,1678
300,CLEAR BROOK H S,TX ,21-Suburb: Large,2220
301,SLEEPY HOLLOW HIGH SCHOOL,NY ,21-Suburb: Large,853
302,DOUGLAS HIGH SCHOOL,MA ,21-Suburb: Large,403
303,WALPOLE HIGH,MA ,21-Suburb: Large,1172
304,MEMORIAL HS,OK ,21-Suburb: Large,2155
305,EAST HAMPTON HIGH SCHOOL,NY ,41-Rural: Fringe,878
306,WARRENTON HIGH SCHOOL,OR ,41-Rural: Fringe,265
307,IRVINE HIGH,CA ,12-City: Mid-size,2031
308,HILLIARD BRADLEY HIGH SCHOOL,OH ,41-Rural: Fringe,1611
309,APS ONLINE SCHOOL,CO ,11-City: Large,143
310,MEDFORD HIGH,MA ,21-Suburb: Large,1195
311,SENIOR HS,OK ,43-Rural: Remote,145
312,ONTEORA HIGH SCHOOL,NY ,42-Rural: Distant,417
313,MONROE CITY R-I HIGH,MO ,43-Rural: Remote,244
314,TEMPLE H S,TX ,13-City: Small,1946
315,RIPLEY HIGH SCHOOL,MS ,33-Town: Remote,509
316,HAVERLING SENIOR HIGH SCHOOL,NY ,32-Town: Distant,469
317,WHITE RIVER HIGH SCHOOL,WA ,21-Suburb: Large,1203
318,NEWTON SENIOR HIGH SCHOOL,IA ,32-Town: Distant,819
319,ASTORIA SENIOR HIGH SCHOOL,OR ,33-Town: Remote,595
320,CARTER COUNTY HIGH SCHOOL,MT ,43-Rural: Remote,34
321,HOBBS HIGH,NM ,33-Town: Remote,1791
322,HIAWATHA SR HIGH,KS ,32-Town: Distant,245
323,PITTSFIELD HIGH,MA ,13-City: Small,896
324,HUNTINGTON HIGH SCHOOL,NY ,21-Suburb: Large,1397
325,SOCIAL CIRCLE HIGH SCHOOL,GA ,31-Town: Fringe,525
326,LOMIRA HIGH,WI ,42-Rural: Distant,365
327,EAST HAVEN HIGH SCHOOL,CT ,21-Suburb: Large,889
328,SARATOGA SPRINGS HIGH SCHOOL,NY ,23-Suburb: Small,2168
329,SKYVIEW HIGH SCHOOL,WA ,21-Suburb: Large,2009
330,KELSO HIGH SCHOOL,WA ,23-Suburb: Small,1578
331,CHIRENO H S,TX ,43-Rural: Remote,105
332,EDISON SENIOR HIGH,MN ,11-City: Large,876
333,RUSSELL HIGH,KS ,33-Town: Remote,236
334,NETTLETON HIGH SCHOOL,MS ,42-Rural: Distant,391
335,SALLISAW HS,OK ,32-Town: Distant,630
336,LAKER HIGH SCHOOL,MI ,43-Rural: Remote,269
337,GRAND RAPIDS SENIOR HIGH,MN ,41-Rural: Fringe,1160
338,PLYMOUTH HIGH,WI ,31-Town: Fringe,794
339,BROADVIEW HIGH SCHOOL,MT ,42-Rural: Distant,46
340,ASHER HS,OK ,43-Rural: Remote,71
341,LODI HIGH,WI ,31-Town: Fringe,508
342,BLACK HAWK HIGH,WI ,43-Rural: Remote,115
343,MORRISON HS,OK ,42-Rural: Distant,150
344,OKAY HS,OK ,42-Rural: Distant,125
345,CALIFORNIA HIGH,MO ,32-Town: Distant,415
346,ALISO NIGUEL HIGH,CA ,21-Suburb: Large,3068
347,ANDREWS H S,TX ,32-Town: Distant,1017
348,BUFFALO HIGH SCHOOL,WY ,41-Rural: Fringe,322
349,RUTLAND SENIOR HIGH SCHOOL,VT ,32-Town: Distant,853
350,TAFT UNION HIGH,CA ,32-Town: Distant,980
351,GRAHAM HS,OK ,42-Rural: Distant,64
352,FRANKLIN HIGH,MA ,21-Suburb: Large,1729
353,SWEETWATER H S,TX ,32-Town: Distant,503
354,GEORGE WASHINGTON HIGH SCHOOL,IA ,12-City: Mid-size,1366
355,GLEN ULLIN HIGH SCHOOL,ND ,43-Rural: Remote,56
356,TONASKET HIGH SCHOOL,WA ,43-Rural: Remote,308
357,QUARTZ HILL HIGH,CA ,21-Suburb: Large,3063
358,WRAY HIGH SCHOOL,CO ,43-Rural: Remote,162
359,PONCA CITY HS,OK ,33-Town: Remote,1476
360,HILTON HIGH SCHOOL,NY ,21-Suburb: Large,1428
361,NORTH DOUGLAS HIGH SCHOOL,OR ,43-Rural: Remote,85
362,EAST SAC COUNTY HIGH SCHOOL,IA ,43-Rural: Remote,294
363,COLBY SENIOR HIGH,KS ,33-Town: Remote,297
364,SCOTTS VALLEY HIGH,CA ,22-Suburb: Mid-size,841
365,AUBURN SENIOR HIGH,MA ,21-Suburb: Large,769
366,AUBURN HIGH,VA ,41-Rural: Fringe,417
367,HICKORY RIDGE HIGH,NC ,22-Suburb: Mid-size,1669
368,DEWITT HIGH SCHOOL,AR ,41-Rural: Fringe,393
369,MARION L STEELE HIGH SCHOOL,OH ,22-Suburb: Mid-size,1249
370,CAMERON HIGH,MO ,32-Town: Distant,548
371,BAY SHORE SENIOR HIGH SCHOOL,NY ,21-Suburb: Large,1892
372,SAINT HELENA HIGH,CA ,31-Town: Fringe,475
373,REEDS SPRING HIGH,MO ,42-Rural: Distant,621
374,CONNETQUOT HIGH SCHOOL,NY ,21-Suburb: Large,2044
375,RONDOUT VALLEY HIGH SCHOOL,NY ,42-Rural: Distant,618
376,PORUM HS,OK ,42-Rural: Distant,140
377,BONDUEL HIGH,WI ,42-Rural: Distant,304
378,FARMINGTON HIGH,NM ,13-City: Small,1376
379,MOUNT PLEASANT HIGH,NC ,41-Rural: Fringe,849
380,FOUNTAIN HILLS HIGH SCHOOL,AZ ,21-Suburb: Large,557
381,POTTSTOWN SHS,PA ,22-Suburb: Mid-size,819
382,MENCHVILLE HIGH,VA ,12-City: Mid-size,1578
383,WHEELER HIGH SCHOOL,CT ,41-Rural: Fringe,189
384,MARSHALLTOWN HIGH SCHOOL,IA ,32-Town: Distant,1408
385,WEST PLAINS SR. HIGH,MO ,41-Rural: Fringe,1091
386,MERRILL HIGH,WI ,32-Town: Distant,855
387,NORTHWEST CABARRUS HIGH,NC ,22-Suburb: Mid-size,1202
388,ELKHORN AREA HIGH,WI ,32-Town: Distant,894
389,ALMONT HIGH SCHOOL,MI ,41-Rural: Fringe,500
390,BOURNE HIGH SCHOOL,MA ,22-Suburb: Mid-size,450
391,EASTERN YORK HS,PA ,41-Rural: Fringe,671
392,WASHINGTON HS,OK ,42-Rural: Distant,271
393,NORWOOD HIGH,MA ,21-Suburb: Large,967
394,WASHBURN RURAL HIGH,KS ,41-Rural: Fringe,1879
395,TALIHINA HS,OK ,43-Rural: Remote,202
396,LAMPHERE HIGH SCHOOL,MI ,21-Suburb: Large,797
397,LAKE REGION UHSD #24,VT ,42-Rural: Distant,359
398,NEWBERG SENIOR HIGH SCHOOL,OR ,31-Town: Fringe,1593
399,EDGEWOOD H S,TX ,42-Rural: Distant,291
400,BLAIR OAKS HIGH,MO ,41-Rural: Fringe,430
401,NICOLET HIGH,WI ,21-Suburb: Large,1115
402,MILTON SENIOR HIGH SCHOOL,VT ,31-Town: Fringe,492
403,HOLLAND PATENT CENTRAL HIGH SCHOOL,NY ,42-Rural: Distant,477
404,DICKINSON H S,TX ,22-Suburb: Mid-size,2832
405,VINTON-SHELLSBURG HIGH SCHOOL,IA ,41-Rural: Fringe,488
406,ATLANTA H S,TX ,32-Town: Distant,545
407,SEQUOYAH HS,OK ,42-Rural: Distant,450
408,BRAVE CENTER ACADEMY,ND ,23-Suburb: Small,35
409,NEW PRAGUE SENIOR HIGH,MN ,32-Town: Distant,1276
410,MENOMONIE HIGH,WI ,41-Rural: Fringe,962
411,HARDIN-JEFFERSON H S,TX ,42-Rural: Distant,639
412,MARLIN H S,TX ,32-Town: Distant,220
413,LOOKEBA-SICKLES HS,OK ,43-Rural: Remote,86
414,KNOXVILLE HIGH SCHOOL,IA ,32-Town: Distant,531
415,VAN HORN HIGH,MO ,21-Suburb: Large,999
416,HUDSON'S BAY HIGH SCHOOL,WA ,12-City: Mid-size,1228
417,SHELBY HIGH SCHOOL,MT ,33-Town: Remote,123
418,WEST SENECA WEST SENIOR HIGH SCHOOL,NY ,21-Suburb: Large,1202
419,PEABODY VETERANS MEMORIAL HIGH,MA ,21-Suburb: Large,1627
420,RED HOOK SENIOR HIGH SCHOOL,NY ,31-Town: Fringe,647
421,HENDERSON H S,TX ,32-Town: Distant,950
422,NATHAN HALE HIGH,WI ,13-City: Small,1571
423,UNIVERSITY CITY HIGH,CA ,11-City: Large,1813
424,SIUSLAW HIGH SCHOOL,OR ,33-Town: Remote,437
425,PLEVNA HIGH SCHOOL,MT ,43-Rural: Remote,16
426,NORTH EUGENE HIGH SCHOOL,OR ,12-City: Mid-size,911
427,LITTLETON HIGH SCHOOL,MA ,21-Suburb: Large,448
428,WEST SPRINGFIELD HIGH,MA ,21-Suburb: Large,1222
429,ALTA LOMA HIGH,CA ,21-Suburb: Large,2514
430,PINE ISLAND SECONDARY,MN ,31-Town: Fringe,380
431,WINNECONNE HIGH,WI ,31-Town: Fringe,486
432,BEAVER DAM HIGH,WI ,32-Town: Distant,1042
433,MARINER HIGH SCHOOL,FL ,12-City: Mid-size,1546
434,MILWAUKIE HIGH SCHOOL,OR ,21-Suburb: Large,1051
435,HOLCOMB HIGH,KS ,42-Rural: Distant,315
436,CONVAL REGIONAL HIGH SCHOOL,NH ,41-Rural: Fringe,786
437,GENEVA HIGH SCH,AL ,32-Town: Distant,342
438,SALINA HS,OK ,42-Rural: Distant,307
439,GILMER HIGH SCHOOL,GA ,32-Town: Distant,1217
440,SAUK RAPIDS-RICE SENIOR HIGH,MN ,41-Rural: Fringe,1301
441,BRADFORD AREA HS,PA ,33-Town: Remote,793
442,NORTHLAND PINES HIGH,WI ,43-Rural: Remote,407
443,MAHOPAC HIGH SCHOOL,NY ,21-Suburb: Large,1566
444,ANACORTES HIGH SCHOOL,WA ,31-Town: Fringe,787
445,LAPINE SENIOR HIGH SCHOOL,OR ,41-Rural: Fringe,424
446,LYNNFIELD HIGH,MA ,21-Suburb: Large,646
447,FAIRVIEW HS,PA ,41-Rural: Fringe,491
448,HOUSATONIC VALLEY REGIONAL HIGH SCHOOL,CT ,42-Rural: Distant,430
449,DANIEL HAND HIGH SCHOOL,CT ,21-Suburb: Large,1164
450,CROSWELL-LEXINGTON HIGH SCHOOL,MI ,41-Rural: Fringe,700
451,HORNELL SENIOR HIGH SCHOOL,NY ,33-Town: Remote,545
452,NORTH FAYETTE HIGH SCHOOL,IA ,43-Rural: Remote,352
453,THORP HIGH,WI ,42-Rural: Distant,184
454,CENTERVILLE HIGH SCHOOL,IA ,33-Town: Remote,379
455,CRESTON HIGH SCHOOL,IA ,33-Town: Remote,478
456,BROOKFIELD HIGH SCHOOL,CT ,22-Suburb: Mid-size,880
457,JOHN STARK REGIONAL HIGH SCHOOL,NH ,42-Rural: Distant,688
458,MOUNT UNION AREA SHS,PA ,32-Town: Distant,457
459,PRENTICE HIGH,WI ,43-Rural: Remote,128
460,CHARLESTON HIGH,MO ,32-Town: Distant,273
461,MOUNTAIN RANGE HIGH SCHOOL,CO ,21-Suburb: Large,1991
462,JENKS HS,OK ,21-Suburb: Large,3334
463,ALBERTON HIGH SCHOOL,MT ,42-Rural: Distant,32
464,CONCORD HIGH,NC ,13-City: Small,1318
465,CLINTON HIGH,WI ,42-Rural: Distant,382
466,BETHEL PARK HS,PA ,21-Suburb: Large,1528
467,POTOSI HIGH,WI ,42-Rural: Distant,116
468,QUINCY HIGH SCHOOL,WA ,32-Town: Distant,830
469,STRAFFORD HIGH,MO ,21-Suburb: Large,360
470,SILVER VALLEY HIGH,CA ,42-Rural: Distant,378
471,MASHPEE HIGH,MA ,22-Suburb: Mid-size,422
472,EDISON ACADEMY,MA ,21-Suburb: Large,221
473,RAMON C. CORTINES SCHOOL OF VISUAL AND PERFORMING ARTS,CA ,11-City: Large,1527
474,BURKBURNETT H S,TX ,31-Town: Fringe,901
475,HENRY J. KAISER HIGH,CA ,21-Suburb: Large,2335
476,MT. VERNON HIGH,MO ,32-Town: Distant,475
477,FORSYTH HIGH,MO ,32-Town: Distant,409
478,CLEAR CREEK HIGH SCHOOL,CO ,42-Rural: Distant,222
479,ASSETS,TX ,21-Suburb: Large,228
480,WASHTENAW INTERNATIONAL HIGH SCHOOL,MI ,21-Suburb: Large,395
